timestamp,memory_used_MiB
1785110911.2087946,1243
1785110911.746599,1243
1785110912.283843,1243
1785110912.8185313,1246
1785110913.3552206,1241
1785110913.885525,1240
1785110914.4204328,1237
1785110914.9606268,1237
1785110915.5010703,1236
1785110916.031584,1234
1785110916.5741796,1234
1785110917.1117175,1233
1785110917.6422296,1232
1785110918.1755602,1232
1785110918.7201638,1223
1785110919.2561078,1223
1785110919.7928727,1226
1785110920.338322,1225
1785110920.8726609,1230
1785110921.4045155,1231
1785110921.946896,1231
1785110922.4837167,1230
1785110923.0193756,1230
1785110923.5564892,1229
1785110924.0951452,1228
1785110924.628614,1228
1785110925.1608787,1228
1785110925.7037303,1216
1785110926.2402267,1216
1785110926.781601,1216
1785110927.3244867,1225
1785110927.8621097,1224
1785110928.3908696,1224
1785110928.93541,1224
1785110929.4694474,1223
1785110930.0018072,1222
1785110930.5330472,1222
1785110931.0719225,1221
1785110931.6049938,1221
1785110932.1333826,1223
1785110932.669858,1223
1785110933.2050555,1223
1785110933.7401814,1219
1785110934.2783728,1223
1785110934.81666,1223
1785110935.345914,1223
1785110935.8886468,1219
1785110936.4230242,1219
1785110936.9576821,1219
1785110937.491353,1219
1785110938.029181,1219
1785110938.5654814,1219
1785110939.1005197,1219
1785110939.6356947,1219
1785110940.1707165,1219
1785110940.7028313,1219
1785110941.2469294,1219
1785110941.7851105,1219
1785110942.32232,1219
1785110942.8657348,1219
1785110943.4032815,1219
1785110943.936178,1219
1785110944.4759338,1219
1785110945.020715,1219
1785110945.552047,1219
1785110946.093415,1213
1785110946.634648,1218
1785110947.1644897,1218
1785110947.7074962,1218
1785110948.2463753,1218
1785110948.7870696,1218
1785110949.3183594,1218
1785110949.8555825,1218
1785110950.3866491,1218
1785110950.9182458,1218
1785110951.452737,1213
1785110951.9947326,1214
1785110952.533594,1214
1785110953.072614,1214
1785110953.6072078,1214
1785110954.1390133,1214
1785110954.669049,1214
1785110955.2105012,1214
1785110955.7548034,1214
1785110956.2858837,1214
1785110956.8303728,1214
1785110957.3587997,1214
1785110957.8979144,1214
1785110958.440629,1214
1785110958.976038,1214
1785110959.5106087,1214
1785110960.0441847,1214
1785110960.5854695,1321
1785110961.12634,1321
1785110961.6558578,1321
1785110962.1927304,1321
1785110962.7449162,2469
1785110963.2813597,3205
1785110963.8203743,3205
1785110964.3542366,3205
1785110964.8849812,3205
1785110965.4244041,3205
1785110965.964395,3205
1785110966.4999483,3205
1785110967.0482748,3205
1785110967.586665,3205
1785110968.1194701,3205
1785110968.65116,3205
1785110969.1867085,3205
1785110969.7250547,3220
1785110970.2529643,3220
1785110970.7869124,3580
1785110971.325201,3580
1785110971.8614254,3572
1785110972.3975189,3572
1785110972.926627,3572
1785110973.4573078,3572
1785110973.9984586,3572
1785110974.5386505,3572
1785110975.0761962,3570
1785110975.6057706,3570
1785110976.1482322,3570
1785110976.6819136,3683
1785110977.218526,8087
1785110977.7512507,8087
1785110978.2912104,8087
1785110978.8251576,8087
1785110979.3602562,8087
1785110979.8985407,8087
1785110980.4344175,8087
1785110980.975167,9363
1785110981.515708,9363
1785110982.0573936,9363
1785110982.6009278,9363
1785110983.1359074,9363
1785110983.6681232,9363
1785110984.1975033,9363
1785110984.7354014,9363
1785110985.2749891,9363
1785110985.8118138,9363
1785110986.3510377,9363
1785110986.8904576,9363
1785110987.422047,9363
1785110987.9629235,9363
1785110988.4984715,9363
1785110989.0400388,9363
1785110989.571248,9363
1785110990.1079698,9363
1785110990.6441336,9363
1785110991.17512,9363
1785110991.7116468,9363
1785110992.2545192,9363
1785110992.7870667,9363
1785110993.3273072,9363
1785110993.8702683,9363
1785110994.4070716,9363
1785110994.9406185,9363
1785110995.4708097,9363
1785110996.0090985,9363
1785110996.5436103,9363
1785110997.0745583,9363
1785110997.6081216,9363
1785110998.1491323,9363
1785110998.6923919,9363
1785110999.2226858,9363
1785110999.7517014,9363
1785111000.28269,9363
1785111000.8134198,9363
1785111001.347445,9363
1785111001.891115,9363
1785111002.4245226,9363
1785111002.9647522,9363
1785111003.507286,9363
1785111004.047017,9363
1785111004.5920503,9363
1785111005.1360998,9363
1785111005.6703753,9363
1785111006.2127335,9363
1785111006.754591,9363
1785111007.287006,9363
1785111007.8167922,9363
1785111008.3478665,9363
1785111008.8828723,9363
1785111009.429254,9363
1785111009.9610322,9363
1785111010.4914966,9363
1785111011.0351295,9363
1785111011.5689967,9363
1785111012.1073158,9363
1785111012.6449103,9363
1785111013.1731036,9363
1785111013.7031682,9358
1785111014.2374856,9358
1785111014.7785907,9359
1785111015.3161151,9359
1785111015.8587427,9359
1785111016.3884177,9359
1785111016.9248955,9359
1785111017.4546359,9359
1785111017.991388,9359
1785111018.5270574,9359
1785111019.0656583,9359
1785111019.6088626,9359
1785111020.1476038,9359
1785111020.68542,9359
1785111021.224666,9359
1785111021.765369,9359
1785111022.3136966,9359
1785111022.849675,9359
1785111023.3775775,9359
1785111023.9071836,9359
1785111024.451209,9359
1785111024.9820313,9359
1785111025.5255382,9359
1785111026.0537739,9359
1785111026.586631,9359
1785111027.12961,9359
1785111027.6657743,9359
1785111028.197995,9359
1785111028.728657,9359
1785111029.2615633,9359
1785111029.7918773,9359
1785111030.327313,9359
1785111030.8587723,9359
1785111031.3916318,9359
1785111031.92389,9359
1785111032.4633784,9359
1785111032.9965098,9359
1785111033.525585,9359
1785111034.0669334,9359
1785111034.5979533,9359
1785111035.1324382,9359
1785111035.6769729,9359
1785111036.2174685,9359
1785111036.75011,9359
1785111037.2899952,9359
1785111037.8250701,9359
1785111038.3590062,9359
1785111038.8945932,9359
1785111039.434854,9359
1785111039.9764178,9359
1785111040.5140457,9359
1785111041.0463247,9359
1785111041.5812984,9359
1785111042.122212,9359
1785111042.6578984,9359
1785111043.200196,9359
1785111043.7394416,9359
1785111044.2726958,9359
1785111044.8181179,9358
1785111045.3498404,9358
1785111045.882816,9358
1785111046.4202049,9358
1785111046.9598691,9358
1785111047.4927256,9358
1785111048.0320153,9358
1785111048.5727904,9358
1785111049.1163292,9358
1785111049.6620946,9358
1785111050.2015915,9358
1785111050.7442706,9358
1785111051.2823715,9358
1785111051.8197174,9358
1785111052.360815,9358
1785111052.896193,9358
1785111053.4298844,9358
1785111053.9605095,9358
1785111054.502342,9358
1785111055.0399442,9358
1785111055.578803,9358
1785111056.1127176,9358
1785111056.6423523,9358
1785111057.1780386,9358
1785111057.7147067,9358
1785111058.2426271,9358
1785111058.782749,9358
1785111059.3250256,9358
1785111059.8616865,9358
1785111060.401872,9358
1785111060.9364996,9358
1785111061.479463,9358
1785111062.0206218,9358
1785111062.560796,9369
1785111063.1050258,9369
1785111063.637303,9369
1785111064.1747825,9384
1785111064.710126,9384
1785111065.2502544,9387
1785111065.790223,9387
1785111066.3328161,9387
1785111066.8652396,9387
1785111067.4037883,9384
1785111067.9405491,9384
1785111068.4839408,9384
1785111069.0133579,9379
1785111069.5514646,9379
1785111070.0882401,9381
1785111070.6307065,9381
1785111071.1655035,9383
1785111071.7043135,9384
1785111072.2466037,9415
1785111072.7750661,9425
1785111073.3183928,9426
1785111073.8567674,9429
1785111074.3891037,9417
1785111074.9227219,9419
1785111075.4660616,9419
1785111075.9962547,9399
1785111076.5327182,9392
1785111077.0672464,9392
1785111077.598031,9392
1785111078.1410954,9393
1785111078.6814346,9415
1785111079.217057,9402
1785111079.7563965,9402
1785111080.2948916,9402
1785111080.8297627,9402
1785111081.366933,9402
1785111081.9075491,9403
1785111082.4421556,9392
1785111082.9834988,9397
1785111083.5280166,9403
1785111084.0664356,9406
1785111084.60391,9402
1785111085.142054,9402
1785111085.6883633,9400
1785111086.2326608,9400
1785111086.7791154,9395
1785111087.311143,9394
1785111087.8561866,9378
1785111088.3983345,9383
1785111088.9307795,9383
1785111089.47021,9383
1785111090.0135057,9383
1785111090.5565765,9383
1785111091.091407,9383
1785111091.6286805,9383
1785111092.1620307,9383
1785111092.6943393,9383
1785111093.2276225,9383
1785111093.7697213,9383
1785111094.30355,9383
1785111094.8388395,9383
1785111095.3696778,9383
1785111095.910065,9383
1785111096.4397945,9383
1785111096.9801748,9383
1785111097.515599,9393
1785111098.0505383,9401
1785111098.5804045,9414
1785111099.1165884,9404
1785111099.6517403,9402
1785111100.1961658,9404
1785111100.7366219,9410
1785111101.282087,9599
1785111101.8269465,9503
1785111102.3639045,9499
1785111102.9012666,9499
1785111103.4348657,9499
1785111103.9704635,9492
1785111104.5156279,9548
1785111105.0569677,9703
1785111105.602022,9833
1785111106.1327133,9852
1785111106.6644406,9854
1785111107.2013452,9854
1785111107.740695,9844
1785111108.2757056,9839
1785111108.8161345,9897
1785111109.358922,9906
1785111109.8860176,9906
1785111110.4316416,9894
1785111110.9710035,9894
1785111111.5104585,9881
1785111112.0420797,9890
1785111112.5756342,9895
1785111113.1084795,9924
1785111113.6413696,9934
1785111114.1756983,9934
1785111114.7062387,9934
1785111115.2368257,9944
1785111115.7682974,9937
1785111116.2996082,9936
1785111116.8457367,9937
1785111117.3921144,9932
1785111117.9393902,9943
1785111118.4815874,9948
1785111119.0282264,9956
1785111119.5710242,9956
1785111120.1182964,9951
1785111120.6636407,9946
1785111121.1971421,9953
1785111121.729119,9952
1785111122.2743208,9952
1785111122.8176625,9950
1785111123.3479793,9936
1785111123.8894868,9935
1785111124.436951,9934
1785111124.9797373,9941
1785111125.538237,9937
1785111126.0845196,9933
1785111126.626632,9930
1785111127.1724594,9925
1785111127.7126698,9915
1785111128.2745552,9915
1785111128.8162582,9909
1785111129.371978,9923
1785111129.9172487,9928
1785111130.4774518,9928
1785111131.0346148,9963
1785111131.5845985,9951
1785111132.1464422,9948
1785111132.7035902,9948
1785111133.2613363,9952
1785111133.8063035,9952
1785111134.3497782,9952
1785111134.901802,9954
1785111135.4557269,9952
1785111135.9992397,9952
1785111136.5404747,9932
1785111137.081548,9930
1785111137.6325884,9930
1785111138.173694,9930
1785111138.7159617,9930
1785111139.2602832,9930
1785111139.7998853,9930
1785111140.3454175,9930
1785111140.8864837,9930
1785111141.426404,9930
1785111141.9676638,9930
1785111142.526647,9930
1785111143.0701115,9930
1785111143.611489,9930
1785111144.1575685,9930
1785111144.7148998,9930
1785111145.2608194,9930
1785111145.8021784,9930
1785111146.34306,9930
1785111146.8859215,9930
1785111147.4272332,9930
1785111147.9719243,9930
1785111148.5141852,9930
1785111149.0733485,9929
1785111149.617582,9922
1785111150.1611166,9924
1785111150.7054684,9924
1785111151.2521076,9936
1785111151.8140376,9936
1785111152.3572025,9936
1785111152.9075143,9932
1785111153.4475627,9932
1785111153.9931219,9932
1785111154.5647175,9935
1785111155.115136,9935
1785111155.656259,9935
1785111156.197901,9935
1785111156.7396307,9935
1785111157.28084,9935
1785111157.8231504,9935
1785111158.365809,9935
1785111158.9105616,9935
1785111159.4650016,9935
1785111160.0214944,9935
1785111160.5778124,9935
1785111161.1209939,9945
1785111161.666543,9937
1785111162.1982038,9951
1785111162.7440367,9952
1785111163.2885468,9947
1785111163.81968,9951
1785111164.3652205,9972
1785111164.9118028,9969
1785111165.4524038,9968
1785111165.983263,9966
1785111166.5128472,9953
1785111167.0430381,9972
1785111167.5864913,9968
1785111168.1208446,9972
1785111168.6654525,9968
1785111169.1955814,9969
1785111169.7383075,9969
1785111170.2680795,9969
